customer_id,full_name,email,phone_number,date_of_birth,address
1,Rodie Yakobovitz,ryakobovitz0@house.gov,1969584955,1986-12-25,66 Utah Parkway
2,Laetitia Hischke,lhischke1@hud.gov,7057857290,1997-07-03,7962 Schmedeman Way
3,Standford Innes,sinnes2@unesco.org,4507690040,1983-11-28,61180 Huxley Way
4,Elwin Huggens,ehuggens3@unblog.fr,2726282998,1984-10-02,5124 Kingsford Point
5,Denni Seldner,,7171855539,1987-12-07,907 Ridge Oak Avenue
6,Rees Rimmington,rrimmington5@si.edu,8483772580,1985-05-24,5533 Mockingbird Junction
7,Ashleigh Camelli,acamelli6@canalblog.com,1846841499,1986-12-13,1 Pankratz Crossing
8,Garnet Jury,gjury7@google.co.uk,9862945701,1995-08-05,6560 Corry Point
9,Kevina Helmke,khelmke8@usatoday.com,7656058781,1994-08-08,4 Elka Road
10,Alfy Nurse,anurse9@cbsnews.com,1479137619,1988-08-25,6 Grasskamp Crossing
11,Rolando Macvey,rmacveya@yelp.com,5733351752,1996-10-02,47039 Welch Junction
12,Leigh Gauge,lgaugeb@cocolog-nifty.com,7582588274,1985-01-13,7 Reindahl Crossing
13,Goldia Nafziger,gnafzigerc@photobucket.com,5081971655,1987-02-14,14 Raven Terrace
14,Porty Fee,pfeed@rakuten.co.jp,4232939416,1984-03-13,5 Walton Court
15,Thomasin Billson,tbillsone@webeden.co.uk,2927104938,1994-12-06,999 Rigney Center
16,Lyda Petschelt,lpetscheltf@people.com.cn,7288676515,1989-01-12,32 Kropf Circle
17,Gothart Iveson,givesong@dion.ne.jp,3255728134,1987-07-17,961 Rigney Center
18,Lorita Curzon,lcurzonh@booking.com,1379703375,1984-07-01,60 Anniversary Plaza
19,See Blackster,sblacksteri@sina.com.cn,9083293486,1996-04-08,3019 Messerschmidt Center
20,Goran Brockett,gbrockettj@free.fr,5086912061,1990-02-28,65 Delladonna Crossing
21,Ker Daniells,kdaniellsk@chronoengine.com,5806228801,1997-01-08,19 Prairieview Way
22,Raul Drohun,rdrohunl@opensource.org,9249658173,1998-02-10,04327 Clove Way
23,Cully Pardie,cpardiem@ehow.com,6772722485,1988-04-03,548 Barby Hill
24,Dari Constant,dconstantn@scribd.com,8218640878,1997-04-03,6508 Talmadge Pass
25,Kit Walklett,kwalkletto@house.gov,6782183891,1981-07-20,6 Marquette Parkway
26,Fallon Asbrey,fasbreyp@blogger.com,1557421429,1983-07-07,2 Marquette Terrace
27,Noam Lindenbluth,nlindenbluthq@ucoz.ru,7864285013,1986-05-07,14 Loomis Pass
28,Thebault Kaszper,tkaszperr@go.com,1813289776,1986-03-31,1040 Westridge Place
29,Ferris Fearns,ffearnss@flickr.com,2741266367,1989-07-31,15581 School Point
30,Maye Howton,mhowtont@baidu.com,6686722274,1981-11-04,04 Michigan Parkway
31,Rockwell Fitzroy,rfitzroyu@csmonitor.com,4103797933,1980-01-25,0 Iowa Crossing
32,Karleen Clibbery,kclibberyv@lycos.com,8806113706,1997-01-05,679 Springview Pass
33,Edgardo McGlaud,emcglaudw@ucoz.com,2934863299,1984-08-05,95 Birchwood Center
34,Kerstin Grimsey,kgrimseyx@quantcast.com,3785981829,1981-01-23,42 Cottonwood Road
35,Tonya Beaven,tbeaveny@creativecommons.org,9797949677,1996-08-01,631 Magdeline Crossing
36,Gisele Quillinane,gquillinanez@ftc.gov,4659125832,1989-01-16,34 Holmberg Avenue
37,Lindon Broek,lbroek10@uiuc.edu,5397447195,1991-04-17,7615 Porter Point
38,Rhea Brownsey,rbrownsey11@weebly.com,8927514215,1990-11-15,30127 Crowley Street
39,Mellicent De la Harpe,mde12@nsw.gov.au,5249206396,1989-11-09,11 Kensington Avenue
40,Brade Dunhill,bdunhill13@typepad.com,2735132317,1996-05-16,609 Mallard Trail
41,Frank Driffe,fdriffe14@springer.com,7534250883,1989-08-27,926 Bobwhite Crossing
42,Samuel Benito,sbenito15@vkontakte.ru,4026091996,1991-01-22,5 Manitowish Terrace
43,Rorke Hansman,rhansman16@posterous.com,6127040330,1998-12-20,1313 Sunbrook Avenue
44,Nicko Amberger,namberger17@posterous.com,7408208833,1990-05-09,94 Oriole Drive
45,Ansley Mollnar,amollnar18@opera.com,8351617093,1987-11-26,19 Dryden Center
46,Loy Swindin,lswindin19@webnode.com,1195445374,1998-12-30,82548 Service Terrace
47,Archibold Oppie,aoppie1a@spotify.com,1803299565,1982-11-28,28 Homewood Junction
48,Morna Eaton,meaton1b@gmpg.org,2869202236,1995-07-26,14 Shopko Circle
49,Willie Armell,warmell1c@yale.edu,6807144263,1980-08-04,66 Buhler Junction
50,Dorree Skilton,dskilton1d@yelp.com,9585580161,1989-05-13,16 Bayside Court
51,Jodi Musso,jmusso1e@360.cn,5803936903,1995-08-30,191 Portage Drive
52,Thaxter Sandeford,tsandeford1f@ftc.gov,3875777285,1990-05-06,36 Cambridge Point
53,Jerry Coslitt,jcoslitt1g@youtube.com,2735445846,1999-01-24,398 Rutledge Hill
54,Carmine Denkel,cdenkel1h@msn.com,6172103584,1992-08-15,760 Hintze Park
55,Arni Nerval,anerval1i@oaic.gov.au,2883925748,1987-02-23,03 Portage Court
56,Maddy Raw,mraw1j@cbslocal.com,1499583526,1989-03-31,6 Pierstorff Junction
57,Claiborne Northwood,cnorthwood1k@ebay.com,5821260361,1982-01-04,71 Susan Way
58,Elenore Lampaert,elampaert1l@altervista.org,5322386077,1981-08-11,01674 Nova Lane
59,Aylmer Tradewell,atradewell1m@woothemes.com,6618215872,1995-12-19,8 Green Ridge Trail
60,Kaine Aishford,kaishford1n@theguardian.com,9439272738,1997-11-20,293 Shoshone Hill
61,Janine Lehrian,jlehrian1o@chron.com,5714416114,1997-10-06,178 Badeau Lane
62,Lisette Riping,lriping1p@cloudflare.com,8258371985,1990-06-26,4 Eastlawn Terrace
63,Camile Dyson,cdyson1q@elpais.com,7623155565,1986-11-10,83294 Gina Drive
64,Brand Greenwood,bgreenwood1r@google.co.uk,3948470094,1999-06-14,625 Northview Court
65,Meagan Caldecott,mcaldecott1s@hud.gov,8382589155,1986-09-17,500 Banding Place
66,Penelope Faragher,pfaragher1t@wikimedia.org,4224993643,1995-01-31,04 Ludington Circle
67,Dulci Knibley,dknibley1u@aol.com,3484271628,1992-10-06,0761 Rowland Alley
68,Cornelia Jones,cjones1v@digg.com,3574864936,1984-04-25,36 Ilene Place
69,Stern Korbmaker,skorbmaker1w@macromedia.com,4868038403,1988-02-29,001 Grim Park
70,Boycey Broggio,bbroggio1x@hubpages.com,2575482926,1995-08-20,862 Scoville Alley
71,Dorie Matthessen,dmatthessen1y@microsoft.com,5355341773,1985-01-03,67 Montana Alley
72,Oliver Cazin,ocazin1z@icq.com,9518693575,1994-11-28,67142 Scott Terrace
73,Nora Goodbanne,ngoodbanne20@cbslocal.com,4709531487,1989-11-24,5 Warbler Plaza
74,Roana Karlik,rkarlik21@weather.com,4999748698,1988-05-17,7 6th Hill
75,Gibbie McGill,gmcgill22@uiuc.edu,1996353188,1994-06-05,5 Heath Hill
76,Gayle Saint,gsaint23@pinterest.com,6931818356,1986-08-12,39166 Fairview Trail
77,Sibel Dear,sdear24@pcworld.com,5469529990,1994-01-19,6931 Thierer Junction
78,Morris Summers,msummers25@opera.com,7258061236,1981-10-14,007 Bartelt Lane
79,Pauline Kneel,,4992229919,1987-03-17,417 Sunnyside Crossing
80,Allison Broadstock,abroadstock27@bizjournals.com,8723373171,1980-08-17,59 Acker Plaza
81,Carmine Gaven,cgaven28@elpais.com,8304991253,1984-07-03,0 Meadow Ridge Parkway
82,Sophi Sketcher,ssketcher29@ucoz.ru,3472849533,1986-07-03,53168 Springs Circle
83,Maurise Nassy,mnassy2a@independent.co.uk,1784732391,1991-03-22,6 Johnson Plaza
84,Orlan Bogue,obogue2b@a8.net,2338746184,1983-02-16,097 Hovde Drive
85,Regan Selwyn,rselwyn2c@shop-pro.jp,7179946883,1981-03-08,376 Clarendon Circle
86,Junette Lilion,jlilion2d@webeden.co.uk,5804851964,1988-10-20,26 Rieder Terrace
87,Melisse Massie,mmassie2e@e-recht24.de,9408073948,1987-06-07,1038 Esker Trail
88,Sven Pooley,spooley2f@mapy.cz,8547872280,1997-05-06,12 Golden Leaf Point
89,Kendrick Ackrill,kackrill2g@ebay.co.uk,1408628967,1980-10-07,87 Hayes Trail
90,Claudelle Catherall,ccatherall2h@amazonaws.com,7388635636,1993-05-24,38 Southridge Way
91,Cart Magauran,cmagauran2i@nba.com,7191470432,1991-01-20,81939 Fair Oaks Junction
92,Orrin Sorensen,osorensen2j@dailymail.co.uk,5816741370,1981-07-24,0 Carioca Alley
93,Beverlie Antrim,bantrim2k@blogtalkradio.com,2261607487,1983-09-10,28 Clyde Gallagher Alley
94,Northrup Burgott,nburgott2l@archive.org,8161045573,1980-09-11,3 Kinsman Street
95,Neddie Poschel,nposchel2m@netvibes.com,3211666055,1989-05-15,9743 Redwing Plaza
96,Ashien Shelf,ashelf2n@youtube.com,3423447147,1985-04-19,805 Dawn Terrace
97,Dilly Fishleigh,dfishleigh2o@pbs.org,8833584595,1995-12-30,75 Delaware Circle
98,Idell Daughtry,idaughtry2p@techcrunch.com,4712574024,1981-02-07,383 Lotheville Alley
99,Kelley Weiner,kweiner2q@yandex.ru,5507659924,1984-06-12,909 Laurel Place
100,Mariel Laweles,mlaweles2r@google.com.au,1394781993,1990-03-10,6 Barby Lane
101,Ernestus Pinxton,epinxton2s@psu.edu,6534711354,1997-12-13,95594 Holmberg Pass
102,Dewain Fowlds,dfowlds2t@csmonitor.com,3969596722,1988-09-29,2 Artisan Center
103,Ermentrude Lyddyard,elyddyard2u@nba.com,4441720724,1987-07-29,5334 Thompson Circle
104,Gilligan Gladman,ggladman2v@weather.com,9033493332,1994-09-18,3 Loomis Point
105,Gregorius Pickerin,gpickerin2w@topsy.com,9145577262,1992-07-20,17 Stoughton Place
106,Theressa Thomke,tthomke2x@toplist.cz,8973510757,1988-04-10,003 La Follette Crossing
107,Fedora Audibert,faudibert2y@bloglovin.com,2077597684,1980-01-10,920 Katie Drive
108,Malissia Kinsett,mkinsett2z@storify.com,3288766159,1984-05-27,76571 Arkansas Alley
109,Nichole Wapplington,nwapplington30@yandex.ru,7462140185,1983-09-12,73344 Mallory Lane
110,Diego Dukelow,ddukelow31@bravesites.com,6937449652,1995-09-09,40567 Lerdahl Terrace
111,Beatrix Caney,bcaney32@t-online.de,1253479947,1985-09-17,3184 Luster Street
112,Worth Leipold,wleipold33@unesco.org,2289662833,1984-10-03,4 Sherman Pass
113,Lester Delea,ldelea34@scientificamerican.com,7116915948,1994-03-18,6418 Kropf Terrace
114,Karry Humphery,khumphery35@hostgator.com,6264413312,1999-10-05,310 Annamark Pass
115,Adelice Bamfield,abamfield36@arizona.edu,1146084203,1980-11-12,564 3rd Place
116,Alisa Choupin,achoupin37@marriott.com,2409879236,1997-06-15,76403 Dexter Center
117,Ber Kilfether,bkilfether38@fda.gov,9425968587,1984-06-07,00233 Harbort Drive
118,Paloma Hughlin,phughlin39@about.com,6945740120,1993-06-16,5386 Thompson Road
119,Taite Woolham,twoolham3a@fotki.com,2563470300,1999-03-02,9 Del Sol Terrace
120,Gawen Pulhoster,gpulhoster3b@vinaora.com,5372517183,1987-08-06,65 Jenifer Way
121,Ginnie Botley,gbotley3c@liveinternet.ru,5944069580,1993-01-27,54 Pepper Wood Avenue
122,Sophie Cordet,scordet3d@instagram.com,3685385289,1985-11-09,4145 Bayside Place
123,Farrel Murrell,fmurrell3e@japanpost.jp,7027836229,1989-06-02,228 Lakeland Park
124,Karlan Pina,kpina3f@about.me,8807440060,1999-10-17,8529 Chive Pass
125,Alica Golborne,agolborne3g@bloglovin.com,7313957793,1981-12-04,69616 Badeau Terrace
126,Mindy Helkin,mhelkin3h@weebly.com,5139107071,1995-08-20,5082 Esch Pass
127,Blancha Yarnell,byarnell3i@last.fm,7909606651,1981-01-22,0171 Lakeland Park
128,Verina Sentinella,vsentinella3j@ftc.gov,7489837142,1994-03-01,15648 Heffernan Road
129,Birch Flinders,bflinders3k@bigcartel.com,3609710803,1989-06-09,2 Straubel Way
130,Klaus De Banke,kde3l@aol.com,1062261024,1985-08-28,3 Schurz Circle
131,Lorant Churchouse,lchurchouse3m@accuweather.com,1409804847,1987-02-08,61674 Northridge Circle
132,Humphrey Nacey,hnacey3n@epa.gov,3906527020,1996-06-25,6088 Judy Trail
133,Angeline Hutcheson,ahutcheson3o@acquirethisname.com,4318893907,1991-09-15,9050 Fremont Alley
134,Cesar Enriques,cenriques3p@123-reg.co.uk,5994566136,1981-10-12,3 Fallview Park
135,Nessa Boate,,6407225836,1992-07-06,60021 Iowa Point
136,Evangelina Wonfor,ewonfor3r@shinystat.com,2905186457,1998-05-18,7409 Monument Plaza
137,Marja Clausewitz,mclausewitz3s@dropbox.com,8707563038,1990-09-28,9400 Mcbride Park
138,Meriel MacGille,mmacgille3t@bbc.co.uk,9336053889,1986-08-14,11 Cottonwood Court
139,Ambur Kliment,akliment3u@loc.gov,1466379110,1991-07-26,5 Westerfield Plaza
140,Coreen Stubbings,cstubbings3v@chron.com,6927310623,1990-01-26,2 Bonner Hill
141,Ellerey Allden,eallden3w@yahoo.co.jp,3327119840,1989-04-09,7 Union Terrace
142,Roxanne Gaddesby,rgaddesby3x@icio.us,3529872198,1985-01-14,3237 Prairie Rose Avenue
143,Esra Blaw,eblaw3y@pcworld.com,1809201153,1982-12-03,183 Kennedy Junction
144,Yorke Greaves,ygreaves3z@elpais.com,8586137083,1997-10-28,7 Crescent Oaks Park
145,Cecil Prydie,cprydie40@dion.ne.jp,7704060374,1986-04-07,2419 Monument Point
146,Misty Wigginton,mwigginton41@ucla.edu,1455126110,1994-04-06,7595 Burning Wood Crossing
147,Darbee McNuff,dmcnuff42@state.gov,9552368301,1999-01-11,78170 Blaine Junction
148,Allen Tokley,atokley43@about.me,8662802173,1995-09-18,271 Scofield Park
149,Lin Berrey,lberrey44@chronoengine.com,8745092968,1985-09-10,56 Fairfield Drive
150,Demetre Durbyn,ddurbyn45@com.com,2138913639,1986-05-04,463 8th Center
151,Aeriel Merkel,amerkel46@dailymail.co.uk,6108222276,1989-10-31,25 Monterey Alley
152,Vinnie Rudge,vrudge47@photobucket.com,9746058385,1991-06-15,2122 Packers Place
153,Humbert Normaville,hnormaville48@globo.com,4497086813,1998-12-18,83424 Mifflin Place
154,Savina Mynett,smynett49@home.pl,7123466401,1995-12-30,460 Rockefeller Alley
155,Winona Woollaston,wwoollaston4a@dmoz.org,7985685476,1998-08-28,55319 Fairfield Way
156,Carver Dachs,cdachs4b@baidu.com,6215260102,1980-08-05,6789 Northport Street
157,Sandy Longea,slongea4c@freewebs.com,9308675286,1992-02-28,35 Coleman Road
158,Quill Ipsgrave,qipsgrave4d@discovery.com,3903447218,1994-03-13,7 Moose Circle
159,Jarrett Burgane,jburgane4e@etsy.com,5116755988,1994-01-17,375 Ridgeview Plaza
160,Peyter Verriour,pverriour4f@reverbnation.com,4703024044,1988-08-31,5202 Brentwood Park
161,Vivie Philbrick,vphilbrick4g@aboutads.info,2207615699,1983-03-16,80 Continental Parkway
162,Griz Pittway,gpittway4h@diigo.com,7621813880,1988-03-29,02470 Redwing Drive
163,Niko Rutland,nrutland4i@newsvine.com,1713650739,1980-09-24,7423 Westport Parkway
164,Hayley Vaney,hvaney4j@businessinsider.com,9498517444,1993-01-22,1622 Bultman Avenue
165,Sari Howick,showick4k@nps.gov,3714092547,1986-09-07,400 Mcguire Terrace
166,Vivian Bolf,vbolf4l@about.me,2922626444,1995-07-04,2678 Moose Way
167,Robers Frazer,rfrazer4m@fda.gov,3597984444,1997-02-21,1 Hintze Hill
168,Dorise Weller,dweller4n@arstechnica.com,6335456249,1987-05-18,71 Sommers Road
169,Baron Elijah,,3339074335,1997-10-16,0999 Duke Plaza
170,Jonas Pickett,jpickett4p@who.int,2216865102,1997-08-13,088 Starling Crossing
171,Adena Hebard,ahebard4q@state.gov,1741183449,1980-11-02,23 Bashford Center
172,Chrissie Scaysbrook,cscaysbrook4r@phpbb.com,3542295797,1988-02-14,7769 Saint Paul Road
173,Hazel Tinston,htinston4s@cornell.edu,2669704127,1988-04-08,27 Victoria Alley
174,Marcellus Maltster,mmaltster4t@godaddy.com,7331615853,1983-04-25,2996 Coolidge Circle
175,Clarice Crackett,ccrackett4u@gnu.org,9259091597,1981-01-25,73537 Thierer Park
176,Chilton Blomfield,cblomfield4v@google.de,4028741571,1984-01-19,3113 Pawling Junction
177,Brose Morillas,bmorillas4w@deliciousdays.com,8802728008,1983-10-10,4714 Memorial Place
178,Cal Rankling,crankling4x@twitpic.com,5217012882,1983-03-31,283 Sullivan Trail
179,Marcelline Rawne,mrawne4y@guardian.co.uk,4061387060,1985-08-24,3987 Hayes Center
180,Gerome Grzegorzewicz,ggrzegorzewicz4z@slate.com,9748256335,1988-11-25,08771 Linden Alley
181,Baron Almack,balmack50@freewebs.com,2101741682,1980-11-12,62 Lakewood Center
182,Violetta Ramsted,vramsted51@columbia.edu,2643478035,1998-01-16,915 Paget Alley
183,Tomkin Saveall,tsaveall52@exblog.jp,1974663639,1998-01-18,4371 Drewry Point
184,Clive Alywen,calywen53@qq.com,6028017815,1995-04-04,20 Maywood Court
185,Burtie Mordey,bmordey54@rediff.com,8843395809,1991-05-22,9 5th Hill
186,Rod Allworthy,rallworthy55@go.com,6365293711,1997-10-15,2 Corben Terrace
187,Estell Worsnap,eworsnap56@tuttocitta.it,7037623845,1983-05-10,094 Prentice Center
188,Dillon Rioch,drioch57@dagondesign.com,1173464000,1992-03-05,386 Express Park
189,Loren Rowland,lrowland58@mtv.com,1786139708,1994-12-10,51 Welch Lane
190,Genvieve Mogenot,gmogenot59@stumbleupon.com,9632485618,1993-03-27,26 Oriole Crossing
191,Ethan Bish,ebish5a@usnews.com,6841711810,1995-09-07,2861 Haas Lane
192,Mervin Moquin,mmoquin5b@seattletimes.com,8732780157,1998-08-12,24975 Manley Road
193,Nicholas Andryszczak,nandryszczak5c@shop-pro.jp,4314784974,1993-09-29,640 Bultman Street
194,Jean Knell,jknell5d@wsj.com,8148313820,1984-06-02,6247 Pawling Parkway
195,Barbara-anne Readshaw,breadshaw5e@icio.us,7296950599,1988-02-22,3 Pond Lane
196,Jillane Blasl,jblasl5f@drupal.org,9159624751,1997-04-28,27470 Badeau Crossing
197,Lila Alam,lalam5g@homestead.com,2366153278,1988-04-08,0 Ridgeview Place
198,Henrik Du Plantier,hdu5h@noaa.gov,1194056996,1993-12-11,45839 Nova Street
199,Orv Grandison,ograndison5i@globo.com,9829116354,1991-06-29,26915 Blue Bill Park Park
200,Karlene Erskine,kerskine5j@macromedia.com,3041099557,1992-12-09,80179 Sutherland Drive
201,Bronny Sommerton,bsommerton5k@people.com.cn,9404277397,1995-05-19,2810 Kensington Parkway
202,Robbyn Brinkworth,rbrinkworth5l@geocities.com,8644069082,1995-03-04,9634 Dapin Parkway
203,Laurice Havard,lhavard5m@joomla.org,1929991626,1983-02-24,0 Luster Place
204,Breena Sills,bsills5n@omniture.com,7195576585,1980-07-29,52998 Hansons Plaza
205,Audrye Danby,adanby5o@cdc.gov,4319928137,1988-07-31,57240 Mockingbird Hill
206,Alfonso Croom,acroom5p@spiegel.de,4017952112,1994-03-30,932 Marcy Junction
207,Bond Clemerson,bclemerson5q@google.com.br,8775903616,1988-07-28,5 Gerald Lane
208,Bobbi Feasby,bfeasby5r@posterous.com,5081814887,1981-10-04,8 Karstens Drive
209,Far Blase,fblase5s@google.cn,1502087653,1999-04-05,811 Sachs Terrace
210,Phip Agg,pagg5t@shop-pro.jp,3371626503,1996-02-05,21 Delaware Court
211,Mercy Danson,mdanson5u@virginia.edu,1873597116,1984-10-30,6334 Fieldstone Way
212,Zena Huburn,zhuburn5v@cloudflare.com,8308231607,1990-08-01,38509 Lunder Place
213,Remington Calabry,rcalabry5w@spotify.com,5231425945,1981-09-13,9 Londonderry Hill
214,Michael Danilenko,mdanilenko5x@google.ru,2484297851,1980-03-17,56 Thompson Road
215,Catherine Jannequin,cjannequin5y@sakura.ne.jp,3225634500,1996-07-27,66594 Lukken Point
216,Ferdinanda Carnie,fcarnie5z@opensource.org,2353294325,1984-09-02,10 Eagan Circle
217,Ado Pettendrich,apettendrich60@newyorker.com,3591754501,1999-06-22,44165 Almo Trail
218,Hillyer Spellworth,hspellworth61@dedecms.com,6999973995,1990-08-23,5217 Rowland Street
219,Tina Lesurf,tlesurf62@washingtonpost.com,9353805709,1994-03-20,36128 Trailsway Plaza
220,Mattie Giovanitti,mgiovanitti63@pcworld.com,4274171082,1997-01-25,23 Oriole Place
221,Shirlee Conduit,sconduit64@jugem.jp,5854356343,1982-12-02,019 Park Meadow Center
222,Fiann Stoner,fstoner65@wordpress.com,8567699418,1986-06-21,342 Colorado Hill
223,Claudine Berendsen,cberendsen66@japanpost.jp,2964839561,1983-01-23,0 Rockefeller Pass
224,Anastassia Songhurst,asonghurst67@aol.com,3925129835,1999-01-26,0590 Lotheville Park
225,Angelle Johnes,ajohnes68@icq.com,4426926059,1980-07-26,91 Columbus Lane
226,Shauna Sydes,ssydes69@ameblo.jp,5988831116,1988-01-05,01234 Nelson Center
227,Eada Adlam,eadlam6a@sohu.com,7671408379,1996-12-22,1669 Marcy Plaza
228,Lori Jeannesson,,2749800498,1981-02-23,53005 Mallard Trail
229,Bud Swyne,bswyne6c@w3.org,8137504714,1998-07-12,120 Thompson Terrace
230,Fons Spowart,fspowart6d@nyu.edu,1971349985,1998-02-17,4521 Laurel Parkway
231,Lulu Loughlin,lloughlin6e@google.ru,9622395211,1991-09-27,532 David Drive
232,Dominica Staniland,dstaniland6f@google.co.uk,7045831282,1996-05-10,9507 Comanche Avenue
233,Katie Gherardini,kgherardini6g@npr.org,1433062024,1984-12-04,01 Lerdahl Terrace
234,Hyacinthe Symers,hsymers6h@salon.com,8548217182,1986-11-08,69366 Delladonna Road
235,Idaline Goodson,igoodson6i@nydailynews.com,5836503097,1994-06-01,9 Sloan Junction
236,Drusie Milbourne,dmilbourne6j@scientificamerican.com,7639345432,1995-08-20,74 Mallard Trail
237,Remus Chessman,rchessman6k@i2i.jp,7367741874,1982-03-21,14 Lyons Drive
238,Maye Ingree,mingree6l@homestead.com,6629407542,1982-05-21,963 Goodland Street
239,Vallie Wisdom,vwisdom6m@cornell.edu,7881032038,1987-01-11,44 Lakeland Point
240,Margaretta Merriton,mmerriton6n@icq.com,7584061539,1981-07-31,272 Dottie Trail
241,Rhys Twinbourne,rtwinbourne6o@fastcompany.com,5098299767,1995-02-27,5 Daystar Pass
242,Emelen Batchelor,ebatchelor6p@google.ru,8765751591,1982-04-02,9536 Golf View Drive
243,Adriena Burdin,aburdin6q@storify.com,9013380545,1996-10-05,6057 Mariners Cove Road
244,Selle Peiro,speiro6r@ow.ly,7856142826,1989-11-16,490 Shoshone Terrace
245,Madelina Boulding,mboulding6s@businessinsider.com,8045909367,1994-04-10,2 Warner Pass
246,Udell Hilliam,uhilliam6t@sfgate.com,3958656588,1994-09-18,18 Scoville Trail
247,Brad Prowse,bprowse6u@wordpress.com,2546268671,1990-07-30,11 Sunnyside Plaza
248,Reginauld Berthe,rberthe6v@techcrunch.com,1617554188,1999-12-31,14 Del Mar Street
249,Evelin Scurman,escurman6w@creativecommons.org,7623941627,1988-02-22,69287 Walton Center
250,Harmonia Lening,hlening6x@sakura.ne.jp,2121290553,1997-04-22,39 Lake View Avenue
251,Lanae Ferron,lferron6y@princeton.edu,1239932025,1983-10-30,451 Vermont Crossing
252,Selene Pett,spett6z@list-manage.com,4301190289,1994-10-04,4013 Lighthouse Bay Place
253,Rosemarie Awde,rawde70@ihg.com,2788410017,1982-09-04,61428 Columbus Pass
254,Bell Lebreton,blebreton71@technorati.com,3262686170,1993-04-22,578 Esch Drive
255,Letty Yitzovicz,lyitzovicz72@indiatimes.com,1451928923,1988-08-12,393 Sutteridge Circle
256,Dewie Andreopolos,dandreopolos73@dropbox.com,8229101644,1997-07-28,663 Bashford Avenue
257,Belle Durn,bdurn74@reddit.com,1646926964,1988-04-07,3674 Truax Way
258,Bjorn Shanley,bshanley75@bizjournals.com,5769208933,1997-11-12,722 Carpenter Circle
259,Bertie Ragborne,bragborne76@boston.com,8849633335,1987-12-03,4 Scoville Street
260,Cullan Collingworth,ccollingworth77@about.com,5484332698,1990-11-23,2 Ridgeview Terrace
261,Shelagh Leitch,sleitch78@ox.ac.uk,7083330966,1981-01-27,278 Messerschmidt Drive
262,Brennan Milligan,bmilligan79@4shared.com,7194056439,1987-02-08,42 Corscot Road
263,Gay Bispham,gbispham7a@sciencedaily.com,5783535966,1984-03-26,39 Canary Lane
264,Myrwyn Gigg,mgigg7b@odnoklassniki.ru,2219402545,1980-05-19,107 Daystar Drive
265,Nolie Pigrome,npigrome7c@wiley.com,3818835615,1986-02-16,76 Sachtjen Terrace
266,Ariadne Swaby,aswaby7d@fda.gov,3513313052,1992-10-06,495 Paget Plaza
267,Di Defraine,ddefraine7e@pcworld.com,3348098396,1990-06-13,29816 Duke Court
268,Waverly Dolman,wdolman7f@wiley.com,4224411944,1985-10-19,11 Calypso Avenue
269,Ariel Boncore,aboncore7g@miibeian.gov.cn,1982104073,1993-07-21,24207 Jay Trail
270,Carmelita Gorger,cgorger7h@theglobeandmail.com,9283051043,1997-02-19,14720 David Street
271,Teodoro Vanyutin,tvanyutin7i@mozilla.com,2264509429,1983-05-07,584 Bowman Crossing
272,Nollie Janak,njanak7j@cdbaby.com,4184186224,1984-11-29,40309 Butternut Street
273,Whit McCrudden,wmccrudden7k@un.org,3804339994,1995-08-01,92298 Vahlen Way
274,Shana Pinchback,spinchback7l@alibaba.com,6545672956,1982-02-11,401 Annamark Parkway
275,Alyse Stoffels,astoffels7m@taobao.com,8295139560,1986-03-17,4 Fordem Point
276,Nichole Marsie,nmarsie7n@hibu.com,3812529480,1985-09-06,13 Continental Court
277,Myrle Slocombe,mslocombe7o@pagesperso-orange.fr,4227846626,1987-10-07,7 Superior Avenue
278,Nessie Chidlow,nchidlow7p@github.io,1421679442,1985-06-24,01 Monument Hill
279,Laryssa Sainter,lsainter7q@omniture.com,8298805630,1992-10-10,6006 Moulton Avenue
280,Marrissa Petrazzi,mpetrazzi7r@youtube.com,3005340996,1985-09-16,984 Reindahl Terrace
281,Shantee Chamley,schamley7s@alexa.com,1387209437,1995-04-01,132 Quincy Point
282,Dinah Clemence,dclemence7t@utexas.edu,6191915446,1999-05-29,975 Arrowood Alley
283,Cindy Yewdale,cyewdale7u@indiegogo.com,9019937095,1989-09-14,4225 Lake View Terrace
284,Ragnar Castella,rcastella7v@shareasale.com,5192840680,1981-11-20,80 Loomis Point
285,Liza Corday,lcorday7w@jimdo.com,6475373484,1996-03-12,7 Hallows Road
286,Roi Tomaszewski,rtomaszewski7x@bravesites.com,7964758617,1986-09-02,4669 Barby Terrace
287,Doroteya Coppock.,dcoppock7y@bloomberg.com,5913213500,1981-07-23,281 Washington Way
288,Caria Verheijden,cverheijden7z@reuters.com,3927646908,1983-09-06,538 Memorial Way
289,Cletus Malzard,cmalzard80@wikia.com,4137613481,1980-07-06,989 Barnett Alley
290,Cindi Bulfield,cbulfield81@zdnet.com,8879557690,1986-11-22,82978 Mifflin Pass
291,Corrina Truss,ctruss82@qq.com,3062171699,1984-12-30,8672 Fisk Court
292,Hermine Rosel,hrosel83@oaic.gov.au,7684637846,1991-04-27,2 Thierer Center
293,Bonita Sharpin,bsharpin84@walmart.com,7277872511,1993-03-05,19372 Havey Alley
294,Teirtza Gibbins,tgibbins85@networksolutions.com,3369660843,1996-08-07,49111 Stone Corner Pass
295,Annetta Jurczyk,ajurczyk86@usgs.gov,2455289526,1991-12-17,8 Nancy Circle
296,Neils Batkin,,6482512982,1988-11-25,4207 Golf Course Circle
297,Drew Wrightem,dwrightem88@vistaprint.com,3318506664,1991-09-30,73941 Raven Junction
298,Codi Gilyott,cgilyott89@economist.com,2096993213,1997-12-26,01 Lyons Alley
299,Ortensia Bolf,obolf8a@marketwatch.com,1318168815,1990-06-17,0674 Carey Hill
300,Pen Garrity,pgarrity8b@toplist.cz,6784069498,1988-06-23,94 Milwaukee Lane
301,Bonnie McElvine,bmcelvine8c@auda.org.au,5293560680,1988-02-04,93691 Forest Plaza
302,Maddy Pulver,mpulver8d@pcworld.com,7308083661,1983-11-09,4 Merry Hill
303,Carina Pafford,cpafford8e@dagondesign.com,3851365383,1991-07-07,87 Stone Corner Park
304,Sioux Blenkhorn,sblenkhorn8f@comcast.net,5666048503,1987-09-27,22 Larry Street
305,Louis Cochet,lcochet8g@biglobe.ne.jp,7303147525,1996-03-05,84 Rowland Circle
306,Dorelle Butteris,dbutteris8h@unc.edu,2584455663,1999-06-12,54358 Bobwhite Street
307,Melisenda Dickerline,mdickerline8i@godaddy.com,3986619181,1991-05-06,17 Elmside Road
308,Si Tomaino,stomaino8j@techcrunch.com,4219384319,1998-04-21,52 Rockefeller Street
309,Ricky Coils,rcoils8k@facebook.com,1387088586,1998-02-20,208 Rigney Junction
310,Ely Heavyside,eheavyside8l@livejournal.com,1279819491,1996-04-26,634 Shoshone Plaza
311,Aileen Howgego,ahowgego8m@digg.com,4308263423,1984-03-25,4 Bluejay Lane
312,Loy MacKegg,lmackegg8n@artisteer.com,7511876822,1994-05-25,0 Shoshone Terrace
313,Marion Manjot,mmanjot8o@npr.org,5597424711,1992-04-05,10048 Grayhawk Drive
314,Aloin Percival,apercival8p@canalblog.com,2194991924,1996-10-28,28 Waxwing Center
315,Vincenz Setterington,vsetterington8q@whitehouse.gov,1631136024,1981-10-22,245 Towne Parkway
316,Moreen Mollin,mmollin8r@mapy.cz,2974995049,1986-05-04,4 Dexter Street
317,Jasmin Bayman,jbayman8s@harvard.edu,9162929081,1991-05-02,16 1st Park
318,Adolphus Falkingham,afalkingham8t@unc.edu,2225738498,1992-12-20,776 Ridgeview Street
319,Glenine Ceschini,gceschini8u@dailymotion.com,1041845259,1995-02-16,03302 Schlimgen Junction
320,Kandace Cord,kcord8v@nba.com,8441684551,1999-12-05,2 Weeping Birch Terrace
321,Odella Haimes,ohaimes8w@ftc.gov,3879983268,1989-12-20,2 Melby Court
322,Brigida Bricket,bbricket8x@xrea.com,8329532435,1987-07-12,73 Ridgeview Way
323,Heath Mockes,hmockes8y@seattletimes.com,7895564796,1998-07-30,5 Milwaukee Place
324,Martie Daffey,mdaffey8z@dyndns.org,7881741985,1997-05-26,45 Prairie Rose Court
325,Gnni Rudsdell,grudsdell90@123-reg.co.uk,3691064257,1997-11-11,3 Mayer Street
326,Skippie Lundy,slundy91@squarespace.com,2437713521,1985-12-30,9332 Park Meadow Drive
327,Cherise Pepon,cpepon92@flickr.com,2966672716,1992-05-10,4133 American Ash Street
328,Eyde Roberto,eroberto93@wix.com,3138759433,1997-11-10,916 Manitowish Point
329,Marlo Dealtry,mdealtry94@timesonline.co.uk,4966538524,1986-08-20,3 Maryland Pass
330,Birch Mc Caughan,bmc95@amazon.de,8114511505,1994-04-14,439 Brown Terrace
331,Gloriane Thurlbourne,gthurlbourne96@nature.com,5868828571,1993-04-29,801 Brown Terrace
332,Bryana Woodeson,bwoodeson97@seesaa.net,2306955335,1998-10-09,7901 Lakewood Gardens Trail
333,Hattie Lorden,hlorden98@clickbank.net,6668109120,1991-06-09,9 Westerfield Court
334,Lincoln Lidington,llidington99@xinhuanet.com,8501951620,1985-11-05,9 Artisan Point
335,Grayce Stileman,gstileman9a@psu.edu,4735332471,1981-03-12,424 Jackson Way
336,Bertina O'Callaghan,bocallaghan9b@umn.edu,6956664586,1983-09-18,80 Parkside Circle
337,Patten Redshaw,predshaw9c@oakley.com,3033919272,1981-06-06,066 Rutledge Avenue
338,Kaia Boothman,kboothman9d@cnbc.com,4744049601,1981-09-11,3 Bluejay Avenue
339,Harman Treslove,htreslove9e@dell.com,6929702968,1989-09-27,1602 Mallory Court
340,Eddie O'Kennavain,eokennavain9f@yellowbook.com,1803418585,1998-04-04,24 Fairview Point
341,Linea Beams,lbeams9g@com.com,3642946235,1995-09-18,37 Lakewood Hill
342,Trenna Dudgeon,tdudgeon9h@de.vu,3145281625,1983-08-29,7259 Grover Center
343,Roi Lepard,rlepard9i@uiuc.edu,1642077397,1993-07-04,964 Mitchell Pass
344,Channa Piatek,cpiatek9j@facebook.com,9729248549,1987-06-30,85214 Warbler Drive
345,Sansone Fox,sfox9k@flavors.me,5683193065,1998-01-10,3 Memorial Avenue
346,Aimil Magne,amagne9l@nhs.uk,7063363955,1989-08-05,59487 Rutledge Point
347,Tan Brealey,tbrealey9m@ucoz.com,9461877750,1984-11-10,0 Badeau Street
348,Wadsworth Iacobassi,wiacobassi9n@ifeng.com,4672884815,1980-07-16,37 Anthes Crossing
349,Jacquelynn Broyd,jbroyd9o@who.int,5705056232,1993-04-16,88 Red Cloud Place
350,Eben Jeschner,ejeschner9p@shinystat.com,3125317173,1989-02-21,8550 Anniversary Terrace
351,Rafaelita Marshland,rmarshland9q@blogs.com,4302863849,1992-08-12,243 Maple Way
352,Ralina MacIlraith,rmacilraith9r@harvard.edu,1328521064,1996-12-16,3 Melvin Crossing
353,Horst Corrao,hcorrao9s@github.io,5619595446,1981-08-26,5 Rieder Crossing
354,Bertrand Glencorse,bglencorse9t@cyberchimps.com,1547602879,1988-05-20,3 Nobel Pass
355,Julieta Lowless,jlowless9u@printfriendly.com,8386068275,1996-11-20,26836 Utah Hill
356,Aluino McVitty,,2353010081,1994-07-16,522 Lakeland Alley
357,Emilia Keays,ekeays9w@wikimedia.org,2191645725,1982-05-31,854 Oneill Point
358,Sarah McGeneay,smcgeneay9x@columbia.edu,8074701146,1995-08-16,8 Mosinee Terrace
359,Denney Micallef,dmicallef9y@jigsy.com,2602984939,1981-09-11,870 Eastwood Park
360,Chance Ixer,cixer9z@storify.com,1353699463,1993-05-25,5614 3rd Circle
361,Calli Janatka,cjanatkaa0@go.com,8297468891,1995-10-02,6223 Carpenter Hill
362,Viole Seegar,vseegara1@usa.gov,2084141584,1995-06-14,04 Cambridge Road
363,Meade Pearne,mpearnea2@army.mil,7949574821,1987-12-23,0389 Nova Crossing
364,Aleksandr Sporrij,asporrija3@drupal.org,4275940675,1996-12-07,7213 Sheridan Drive
365,Tiler Easterling,teasterlinga4@gov.uk,3876965832,1984-02-12,81052 Thackeray Plaza
366,Zacharie Worshall,zworshalla5@deliciousdays.com,6119813957,1996-03-29,92691 Barby Trail
367,Gibby Boast,gboasta6@marketwatch.com,6575989148,1981-01-02,68619 Fairfield Trail
368,Derek Bowkley,dbowkleya7@reverbnation.com,2278362156,1990-11-19,83 Dryden Pass
369,Rolfe Vanelli,rvanellia8@facebook.com,5431067229,1980-06-17,734 Goodland Lane
370,Lucias Minkin,,2222466902,1988-12-22,0589 Sundown Circle
371,Micah Ralfe,mralfeaa@privacy.gov.au,9637297883,1995-04-03,510 Everett Road
372,Gracia Stutard,gstutardab@squidoo.com,2541464006,1991-01-13,6766 Nevada Alley
373,Radcliffe Warrell,rwarrellac@whitehouse.gov,7156827077,1986-07-06,7077 Kenwood Center
374,Drusi Ferfulle,dferfullead@shinystat.com,1155128995,1996-09-14,9838 Truax Pass
375,Corrine Land,,3115779325,1999-11-07,816 Gulseth Drive
376,Sarena Kingzett,skingzettaf@geocities.com,9659037508,1995-10-30,4543 Sycamore Lane
377,Gertruda Timoney,gtimoneyag@pbs.org,7182954401,1999-04-11,4 Golf Way
378,Calhoun Vasey,cvaseyah@fotki.com,4005601706,1984-07-22,82383 Monument Parkway
379,Marci Jaffa,mjaffaai@aboutads.info,1013925612,1984-08-01,0 Spaight Terrace
380,Wendel Harries,wharriesaj@squarespace.com,4833346914,1990-05-28,3919 Evergreen Center
381,Aveline Luckhurst,aluckhurstak@dyndns.org,8425354133,1984-10-24,1 Saint Paul Trail
382,Skylar Wagen,swagenal@dot.gov,4682937236,1989-10-20,3854 5th Plaza
383,Brnaba Cumberlidge,bcumberlidgeam@domainmarket.com,8091567042,1992-05-27,8833 Mendota Street
384,Darell Vasiliu,dvasiliuan@freewebs.com,9536834856,1981-05-23,877 Westend Plaza
385,Hatti Tournay,htournayao@springer.com,6039616571,1995-11-30,38 Morrow Place
386,Hedi Axston,haxstonap@hugedomains.com,9297674295,1998-05-29,58704 Towne Park
387,Dawna Lope,dlopeaq@mozilla.com,7621812778,1989-05-17,3868 Rieder Place
388,Dino Gianni,dgianniar@bbb.org,5472416978,1982-05-10,89 Mcguire Terrace
389,Simmonds Rodnight,srodnightas@wsj.com,1622822269,1998-02-03,4 Hermina Trail
390,Mariellen Frude,mfrudeat@skyrock.com,9293469143,1992-02-05,3 Cottonwood Place
391,Harv Hedderly,hhedderlyau@slideshare.net,3342949931,1997-04-28,443 Spohn Road
392,Elnora Redgewell,eredgewellav@dell.com,5278987106,1986-12-30,3674 Kropf Plaza
393,Daveta Asken,daskenaw@narod.ru,1955801508,1992-11-05,07 Sauthoff Terrace
394,Rossie Dot,rdotax@live.com,9638167542,1999-05-10,278 Washington Circle
395,Calida Gislebert,cgislebertay@dyndns.org,1984228630,1989-08-29,8 Burning Wood Street
396,Skip Scambler,sscambleraz@mit.edu,3719089197,1987-03-12,8 Calypso Park
397,Ashton Beaten,abeatenb0@theglobeandmail.com,1122905309,1981-11-18,8505 Prairie Rose Plaza
398,Cart Truwert,ctruwertb1@businesswire.com,8789680403,1989-02-18,36620 Autumn Leaf Park
399,Kevyn Trippett,ktrippettb2@opensource.org,3934382814,1995-07-03,150 Melrose Lane
400,Hyatt Mowling,hmowlingb3@cam.ac.uk,3986507848,1994-09-06,9275 Orin Plaza
401,Dermot Colville,dcolvilleb4@howstuffworks.com,5483400846,1985-04-23,1270 Lakewood Gardens Pass
402,Fayre Stallebrass,fstallebrassb5@reference.com,1017085798,1983-03-23,37 Lawn Center
403,Cory Lunk,clunkb6@dell.com,7471566560,1985-02-14,95375 Blue Bill Park Avenue
404,Hector Stoyle,hstoyleb7@microsoft.com,6312153496,1988-06-19,668 Twin Pines Court
405,Doralyn Grimstead,dgrimsteadb8@arizona.edu,4999618408,1986-10-19,18 Grim Parkway
406,Colene Cantrell,ccantrellb9@soup.io,3905848397,1991-06-01,948 Golf Course Crossing
407,Vinnie Chateau,vchateauba@examiner.com,6297104084,1999-09-14,148 Fieldstone Alley
408,Wait Sancroft,wsancroftbb@arstechnica.com,6541220773,1981-02-17,363 Weeping Birch Terrace
409,Cammi Hairsnape,chairsnapebc@gravatar.com,4783743626,1998-08-29,8 Dorton Place
410,Lenette Waltering,lwalteringbd@home.pl,7551632625,1991-07-12,1446 Crownhardt Point
411,Huntlee Gouck,hgouckbe@cisco.com,2287361510,1995-02-07,15 Hoffman Lane
412,Allan Isted,aistedbf@howstuffworks.com,3853210937,1995-02-22,9953 Chive Drive
413,Verine Westfalen,vwestfalenbg@is.gd,6539082831,1987-10-18,28385 Cody Terrace
414,Patrice Georges,pgeorgesbh@xinhuanet.com,9335444534,1989-10-23,59 Montana Road
415,Earl Bayman,ebaymanbi@de.vu,2602668775,1996-04-03,34 Kim Park
416,Benn Towson,btowsonbj@php.net,6199353503,1991-09-06,665 Clemons Drive
417,Zondra Reignard,zreignardbk@theglobeandmail.com,2007060395,1995-03-28,3 4th Circle
418,Rustie Freen,rfreenbl@ifeng.com,9566680067,1987-03-24,8498 Logan Pass
419,Ashley Crips,acripsbm@msu.edu,7886320185,1988-01-29,047 High Crossing Alley
420,Anny Lovstrom,alovstrombn@thetimes.co.uk,3367982838,1990-04-10,093 Ludington Way
421,Dani MacCorkell,dmaccorkellbo@t-online.de,8667581311,1998-08-06,601 Hagan Place
422,Kara Rhymer,krhymerbp@businessinsider.com,8415319799,1985-03-21,02 Nancy Point
423,Aubrette Cornes,acornesbq@t.co,5421437754,1985-12-08,0416 Waxwing Center
424,Basil Doche,bdochebr@live.com,6773769651,1996-07-23,8 Emmet Way
425,Aaren Geely,ageelybs@hc360.com,5346921108,1987-08-02,6636 Cambridge Parkway
426,Tisha Grieves,tgrievesbt@forbes.com,5707860154,1999-07-25,0249 Veith Terrace
427,Roger Aimeric,raimericbu@spiegel.de,9964273974,1989-04-03,2 Orin Center
428,Fidelity Graffham,fgraffhambv@plala.or.jp,5855771970,1988-04-23,08 Evergreen Parkway
429,Faina Prine,fprinebw@bizjournals.com,7596870192,1990-06-20,501 Kingsford Point
430,Rodd Gierth,rgierthbx@fastcompany.com,2379815952,1998-11-11,908 Sunbrook Drive
431,Laurence Benoit,lbenoitby@cnbc.com,2886320291,1987-04-09,71 Scoville Crossing
432,Arnie Eller,aellerbz@gov.uk,7423198461,1995-01-28,1292 Sutteridge Terrace
433,Ernestus Fogt,efogtc0@illinois.edu,1827135461,1998-02-27,6 Oxford Point
434,Deidre Giabucci,dgiabuccic1@exblog.jp,2157382075,1980-04-26,2956 Schiller Alley
435,Ned Clemente,nclementec2@deviantart.com,6568587124,1987-12-19,1797 Grasskamp Alley
436,Kevan Mariaud,kmariaudc3@a8.net,8414199752,1990-10-31,5 6th Drive
437,Petrina Toulmin,ptoulminc4@rediff.com,7578056479,1989-03-27,04 Merrick Center
438,Hashim Dowrey,hdowreyc5@scientificamerican.com,7175085288,1984-05-16,6 Meadow Vale Lane
439,Carlynn Lighton,clightonc6@nifty.com,6707101635,1983-08-17,90 Hayes Pass
440,Jolene Nanelli,jnanellic7@lulu.com,4198664569,1991-03-25,22 Shoshone Place
441,Sisely Planque,splanquec8@about.com,8071065146,1993-03-16,124 Spohn Avenue
442,Jasmin Glennard,jglennardc9@umich.edu,4025456293,1987-10-17,7 Dapin Alley
443,Nikola Shadrack,nshadrackca@intel.com,8024554862,1983-09-20,700 Elka Plaza
444,Monti Daouse,mdaousecb@cmu.edu,7051193092,1996-11-06,4 Dayton Lane
445,Inga Thackston,ithackstoncc@harvard.edu,3835346896,1987-04-06,05 Mockingbird Trail
446,Niven Joire,njoirecd@ask.com,9777705809,1996-02-23,24102 Parkside Court
447,Amargo Gullick,agullickce@yelp.com,8971882781,1994-11-25,6558 Little Fleur Lane
448,Hamil Haddon,hhaddoncf@washington.edu,4816298100,1987-02-16,6 Chive Plaza
449,Tamara Littlefield,tlittlefieldcg@noaa.gov,4208789390,1996-03-02,9015 Hansons Point
450,Puff Town,ptownch@msn.com,7066878110,1982-01-16,13 Glacier Hill Street
451,Rollo Silverlock,rsilverlockci@barnesandnoble.com,3112628571,1983-04-28,09 Corscot Court
452,Brooks Getcliffe,bgetcliffecj@ameblo.jp,1185393526,1997-11-10,9 Dovetail Crossing
453,Garik Gooding,ggoodingck@instagram.com,3583713875,1996-08-21,9 Kim Junction
454,Tadd Pymm,,2656602885,1999-06-27,04 Scott Trail
455,Leonore McCleod,lmccleodcm@mozilla.org,5637032654,1998-06-06,28835 Clarendon Avenue
456,Reggie Guiden,rguidencn@bandcamp.com,7819586987,1990-09-10,3 Oakridge Avenue
457,Westleigh Alessandrelli,walessandrellico@omniture.com,4773292202,1996-08-20,3 Browning Street
458,Lucais Braghini,lbraghinicp@abc.net.au,3069963150,1984-11-12,567 Talmadge Alley
459,Kate Johnikin,kjohnikincq@umich.edu,5223778455,1995-09-03,8846 Scott Terrace
460,Zebulen Voysey,zvoyseycr@google.com.au,7833076428,1985-03-23,91992 Dixon Trail
461,Muhammad McArte,mmcartecs@comcast.net,8612100109,1985-05-03,6 Evergreen Plaza
462,Anatollo Eaglen,aeaglenct@reddit.com,5902800905,1982-04-18,278 Lake View Drive
463,Cathleen Chainey,cchaineycu@chicagotribune.com,1475526835,1999-05-20,0 Merchant Terrace
464,Hollie Plumm,hplummcv@imageshack.us,1079469165,1999-06-02,63305 Northport Street
465,Malissia Ashall,mashallcw@canalblog.com,4163454943,1989-12-10,34 Clarendon Way
466,Tadeas Dunsmore,tdunsmorecx@umn.edu,3154901414,1989-10-07,1 Helena Place
467,Edie Stanbra,estanbracy@bigcartel.com,5806526285,1992-02-21,78452 Alpine Terrace
468,Bendite Farleigh,bfarleighcz@slate.com,9382606248,1994-03-31,7928 Independence Drive
469,Lori Forsdicke,lforsdicked0@weather.com,1038880897,1989-06-20,48 Anzinger Pass
470,Ashleigh Petyakov,apetyakovd1@tinyurl.com,2316113378,1989-10-15,2 Tomscot Alley
471,Kaylyn Yearnsley,kyearnsleyd2@huffingtonpost.com,5803400783,1996-09-18,66226 Rutledge Way
472,Aurel Bettesworth,abettesworthd3@shareasale.com,2273952956,1985-09-06,732 Arrowood Parkway
473,Eldon Guilloton,eguillotond4@liveinternet.ru,6889009775,1985-04-12,274 Eliot Parkway
474,Kathlin Plaster,kplasterd5@hud.gov,1651321217,1997-01-02,17 Myrtle Road
475,Charlton Iacopini,,1213893544,1999-09-24,01 Arizona Plaza
476,Allie Barthot,abarthotd7@washington.edu,3688689267,1998-05-23,044 Hooker Parkway
477,Eward Strongman,estrongmand8@etsy.com,4132167214,1992-04-30,2458 Coolidge Junction
478,Lorry Puxley,lpuxleyd9@aol.com,4519239248,1983-03-09,751 Goodland Terrace
479,Kip Henrionot,khenrionotda@shinystat.com,3585386844,1983-01-16,47 Lyons Point
480,Casie Rowlatt,crowlattdb@simplemachines.org,2902167979,1984-06-16,99665 Arrowood Terrace
481,Wallie Yakebovitch,wyakebovitchdc@apache.org,5706590391,1982-05-31,6 Badeau Avenue
482,Benetta Stonnell,bstonnelldd@salon.com,6495812097,1987-12-06,719 Graedel Road
483,Phillipe Corington,pcoringtonde@histats.com,5758243783,1989-06-01,836 Del Sol Circle
484,Raffaello Gadson,rgadsondf@sun.com,7049417331,1987-07-23,81097 Ronald Regan Crossing
485,Danica Hoult,dhoultdg@flavors.me,5152518149,1986-10-16,8145 Di Loreto Way
486,Chas Monkman,cmonkmandh@tiny.cc,9683414399,1995-12-27,682 Anniversary Drive
487,Anthe D'Antuoni,adantuonidi@simplemachines.org,5849192919,1984-11-03,5 7th Avenue
488,Nat Baudts,nbaudtsdj@cnet.com,9225252047,1982-07-23,9929 Briar Crest Place
489,Lavinia Dowber,ldowberdk@washington.edu,1735606461,1989-10-07,749 Loeprich Circle
490,Shelley Gawkes,sgawkesdl@barnesandnoble.com,6236407734,1999-01-14,04 Evergreen Junction
491,Norma O'Lennachain,nolennachaindm@lycos.com,1926041574,1982-03-05,5961 Donald Park
492,Zorana Blakeston,zblakestondn@mayoclinic.com,2393511951,1980-09-30,81 Armistice Park
493,Rodina Sandeland,rsandelanddo@weebly.com,1379644920,1989-04-01,2061 Merrick Point
494,Rolf Drakard,rdrakarddp@nature.com,5953418972,1996-08-06,38972 Stang Pass
495,Charlene Darridon,cdarridondq@globo.com,9814220973,1997-01-17,7622 Stephen Center
496,Desirae MacAnellye,dmacanellyedr@privacy.gov.au,8179147263,1980-02-11,27924 4th Park
497,Robinet Rape,rrapeds@tinyurl.com,8395992964,1995-02-15,21282 Mifflin Junction
498,Danya Verriour,dverriourdt@go.com,7941627071,1998-08-21,47662 Marcy Pass
499,Gianina Matterson,gmattersondu@aol.com,5994372803,1988-08-05,0 Union Alley
500,Virgie Adair,vadairdv@state.tx.us,1966766186,1995-02-07,093 Steensland Lane
501,Kare Yanez,kyanezdw@stumbleupon.com,7276601070,1982-08-18,22475 Anhalt Road
502,Corie Schlagtmans,cschlagtmansdx@europa.eu,3645768018,1987-07-21,10 Hayes Parkway
503,Christian Stave,cstavedy@census.gov,6681396569,1990-11-27,9 Meadow Ridge Pass
504,Maje O'Cosgra,mocosgradz@ycombinator.com,9797329229,1998-02-05,4045 Ridgeway Hill
505,Jedd Jeske,jjeskee0@last.fm,2351090182,1997-02-27,25575 Little Fleur Point
506,Tiphani Treby,ttrebye1@cargocollective.com,1645604565,1985-02-18,48 Namekagon Court
507,Leanor Thewless,lthewlesse2@odnoklassniki.ru,2084322948,1981-06-11,358 Elmside Circle
508,Candida Stradling,cstradlinge3@multiply.com,1524295459,1982-12-04,28624 Hauk Drive
509,Errick Wilden,ewildene4@va.gov,4202981751,1992-02-06,0029 Carberry Lane
510,Lenka Gash,lgashe5@npr.org,4134910456,1986-04-03,4995 Longview Terrace
511,Moira Sallans,msallanse6@microsoft.com,8607760851,1996-09-26,73 Delaware Way
512,Krystal Skelcher,kskelchere7@si.edu,8548425968,1988-10-18,7352 Anzinger Junction
513,Saundra De la croix,sdee8@opera.com,6923104362,1988-05-24,04160 Westridge Court
514,Bernetta Grabert,bgraberte9@hatena.ne.jp,1796312040,1981-11-20,9944 Blackbird Alley
515,Micheline Ellams,mellamsea@last.fm,5673142059,1987-01-16,3282 Sommers Drive
516,Bram Simkins,bsimkinseb@bandcamp.com,5457817193,1999-05-29,7 Brickson Park Circle
517,Penn Daish,pdaishec@slideshare.net,8163872768,1988-04-04,495 Bonner Court
518,Caralie Espinoza,cespinozaed@scientificamerican.com,9466446855,1995-06-06,50 Dixon Alley
519,Aura Ferencowicz,aferencowiczee@acquirethisname.com,1381423401,1995-05-24,69316 Sloan Center
520,Lauri Spirit,lspiritef@shop-pro.jp,2659532017,1996-03-16,16130 Tennessee Pass
521,Ethelda Trime,etrimeeg@360.cn,1766429854,1985-05-28,1578 Holmberg Lane
522,Paolina Flude,pfludeeh@sourceforge.net,6187565854,1986-06-16,055 Quincy Circle
523,Fannie Lydon,flydonei@dailymotion.com,2575497426,1984-03-15,78 Nelson Parkway
524,Lindy Wardhaugh,lwardhaughej@adobe.com,4242180590,1981-02-06,7912 Anhalt Parkway
525,Yale Binney,ybinneyek@tuttocitta.it,9461395466,1997-11-08,882 Crest Line Lane
526,Bary Owenson,bowensonel@eventbrite.com,9679966219,1993-10-02,2533 Lien Point
527,Ingra Blasik,iblasikem@blogspot.com,1743173093,1995-11-25,8617 Elgar Terrace
528,Anica Bartoszinski,abartoszinskien@pcworld.com,8199035219,1996-02-14,470 Union Avenue
529,Carmen Syer,csyereo@pcworld.com,7342948701,1984-11-14,6547 Mcguire Place
530,Artur Aizikovich,aaizikovichep@ca.gov,2595038702,1999-04-26,43110 Weeping Birch Center
531,Carolyne Gilfillan,cgilfillaneq@google.cn,4947917285,1993-01-06,38167 Lakewood Gardens Point
532,Verge Jeffree,vjeffreeer@ustream.tv,2776658360,1985-08-02,5 Scofield Road
533,Chad Klausen,cklausenes@elegantthemes.com,2336961651,1988-10-03,1 Clyde Gallagher Parkway
534,Jaquelin Vinson,jvinsonet@123-reg.co.uk,8296578378,1996-12-22,32 Hanson Hill
535,Neddy Reddell,nreddelleu@sfgate.com,5473057825,1993-10-07,0514 Fallview Point
536,Veronique Touson,vtousonev@yelp.com,4316810138,1996-02-10,59071 Oriole Way
537,Rupert Dingwall,rdingwallew@google.com.br,1842940300,1980-10-06,604 Artisan Alley
538,Colline McConigal,cmcconigalex@hostgator.com,3642321008,1985-05-23,4580 Elmside Road
539,Margarete Gummory,mgummoryey@nbcnews.com,7814553605,1992-05-14,319 Mosinee Terrace
540,Fedora Fitzer,ffitzerez@aol.com,2346595650,1994-02-28,909 Charing Cross Parkway
541,Nevins Tooting,ntootingf0@weebly.com,3714957770,1992-03-17,6512 Fisk Street
542,Lindsey Rosenwald,lrosenwaldf1@phoca.cz,7763285526,1998-04-08,2658 Green Ridge Drive
543,Forest Hockell,fhockellf2@ycombinator.com,6423844426,1986-01-05,6038 Hermina Plaza
544,Drusilla Suckling,dsucklingf3@de.vu,3508949395,1985-08-14,4631 Loomis Street
545,Gilberta Thornton-Dewhirst,gthorntondewhirstf4@soundcloud.com,6299129922,1986-10-30,2296 Golden Leaf Park
546,Kaela Dilland,kdillandf5@ed.gov,7933247053,1999-08-13,005 8th Crossing
547,Jake Catonne,jcatonnef6@weebly.com,9487093974,1993-12-16,95231 Hoepker Way
548,Mathe Trevor,mtrevorf7@tripod.com,5383098679,1984-06-02,4957 Glacier Hill Avenue
549,Byrann Waymont,bwaymontf8@indiatimes.com,9983235222,1987-03-15,2191 Bobwhite Trail
550,Ranna Warr,rwarrf9@ox.ac.uk,9572168409,1991-10-03,8796 Merry Park
551,Holmes Keenlayside,hkeenlaysidefa@feedburner.com,4008510644,1988-04-09,5 Emmet Crossing
552,Alene Byway,abywayfb@tinypic.com,6809581809,1981-07-19,37560 Rowland Circle
553,Aleksandr Culbert,aculbertfc@spotify.com,9661771567,1992-10-29,67191 Killdeer Place
554,Desmund Ginnety,dginnetyfd@gnu.org,7723361294,1988-07-31,4 Mallard Road
555,Laughton Spaughton,lspaughtonfe@admin.ch,1779197520,1981-06-20,67 Russell Place
556,Kellsie Waith,kwaithff@slideshare.net,4048114452,1984-11-05,03 Susan Park
557,Hazel Clausen-Thue,hclausenthuefg@indiegogo.com,5236531238,1986-09-04,03735 Loeprich Drive
558,Odella Diego,odiegofh@behance.net,4163938008,1985-08-23,391 Waxwing Center
559,King Titta,ktittafi@goodreads.com,6407078442,1983-10-16,03 Corscot Way
560,Aryn Norkutt,anorkuttfj@vk.com,8068329131,1993-02-03,2 Mayfield Pass
561,Barri Markova,bmarkovafk@gizmodo.com,6792157954,1992-04-27,88 Chinook Plaza
562,Claude Craighall,ccraighallfl@cbslocal.com,6124482687,1980-12-09,3172 Eagan Circle
563,Mathe Irwin,mirwinfm@yandex.ru,2524767985,1993-08-26,33929 Westport Avenue
564,Mersey Willas,mwillasfn@ft.com,4728502617,1980-09-19,127 Shopko Pass
565,Tobi Longworthy,tlongworthyfo@nyu.edu,4982138202,1988-12-14,1 Summer Ridge Terrace
566,Wyatan Paddie,wpaddiefp@hp.com,1618230372,1981-05-01,04781 Scoville Parkway
567,Arlie Phelit,aphelitfq@typepad.com,1304883296,1987-04-28,4292 Linden Place
568,Stacie Rosendahl,srosendahlfr@huffingtonpost.com,2666993978,1986-11-23,481 Claremont Junction
569,Trueman Crayton,tcraytonfs@msu.edu,6465696996,1993-08-20,45 Park Meadow Lane
570,Karole Tivenan,ktivenanft@t.co,7894248356,1997-09-21,4 Mayer Parkway
571,Gretna Sconce,gsconcefu@amazonaws.com,2123735181,1994-01-07,908 Hermina Alley
572,Leshia Mucklo,lmucklofv@goo.gl,5328805097,1996-11-15,2 Northwestern Alley
573,Lanae Miliffe,lmiliffefw@jimdo.com,3189353804,1993-10-24,4930 Crescent Oaks Lane
574,Rogerio Bussell,rbussellfx@blogtalkradio.com,4718424077,1999-09-18,5 Saint Paul Street
575,Spenser Tebald,stebaldfy@diigo.com,5533117596,1990-04-30,85669 Merry Trail
576,Torie Cable,tcablefz@ox.ac.uk,3584438573,1999-08-04,98 Moulton Trail
577,Daveen Starie,dstarieg0@wunderground.com,6282761415,1999-04-18,307 Petterle Alley
578,Kimberley Mathias,kmathiasg1@yellowpages.com,2963765612,1986-08-26,5502 Hagan Junction
579,Lanette Burgill,lburgillg2@mapy.cz,4615171929,1992-05-11,72320 Debra Trail
580,Emmalee Rivard,erivardg3@twitter.com,4519035521,1991-10-01,6783 Stuart Lane
581,Gilemette Thurske,gthurskeg4@purevolume.com,6913341413,1982-09-20,729 Packers Pass
582,Gwendolin Chetwin,gchetwing5@blogspot.com,8412821446,1998-01-16,46055 Pond Terrace
583,Lonni Kayzer,lkayzerg6@1und1.de,1542927715,1988-09-04,6979 Raven Way
584,Munmro Cordaroy,mcordaroyg7@cafepress.com,4618133885,1993-12-24,7 Chinook Avenue
585,Marcela Kennham,mkennhamg8@irs.gov,3592257189,1991-04-13,42 International Circle
586,Dehlia Culbert,dculbertg9@1688.com,6531114178,1990-04-12,826 Pankratz Parkway
587,Patrizia Lanbertoni,planbertoniga@shutterfly.com,5951227140,1995-12-29,036 Mayfield Place
588,Nicolle McGerr,nmcgerrgb@seesaa.net,6188612290,1983-06-19,7 Eliot Circle
589,Karalynn Stone,kstonegc@timesonline.co.uk,5636090931,1982-09-21,31 Hudson Trail
590,Alys Syder,asydergd@nsw.gov.au,9752560347,1987-07-10,62360 Linden Road
591,Dominique Probat,dprobatge@salon.com,7765591025,1988-04-04,76 Jenna Alley
592,Britt Gouck,bgouckgf@vkontakte.ru,8972301573,1989-11-12,714 Merry Crossing
593,Carina Jerche,cjerchegg@wunderground.com,8136574511,1981-05-03,34 5th Circle
594,Kellina Ciccottini,kciccottinigh@google.com.hk,4413990242,1993-06-28,820 Maple Wood Trail
595,Elmira Comazzo,ecomazzogi@fda.gov,2017137160,1982-02-03,951 Fuller Avenue
596,Vally Durtnal,vdurtnalgj@eepurl.com,6231979835,1994-07-11,30 Susan Center
597,Darlene Dunphy,ddunphygk@accuweather.com,1821689521,1988-10-06,459 Pine View Place
598,Derrek Manie,dmaniegl@de.vu,2111771754,1981-03-09,73 Porter Hill
599,Dulce Greenman,dgreenmangm@ustream.tv,6174441489,1997-11-16,25340 Nobel Point
600,Carlie Playfair,cplayfairgn@purevolume.com,6751384709,1994-03-08,34 Schlimgen Way
601,Patrice Gillibrand,pgillibrandgo@ucsd.edu,7606974005,1994-01-23,30475 Garrison Terrace
602,Sheridan Heinert,sheinertgp@chronoengine.com,7293102162,1994-11-07,30192 Rigney Street
603,Brantley Sissel,bsisselgq@bloglines.com,6999481061,1999-12-10,2277 Ridgeview Pass
604,Annamaria Lynnett,alynnettgr@slate.com,3003847419,1995-03-24,50 Warner Way
605,Fidole Greder,fgredergs@yahoo.com,5105643108,1999-07-30,1709 Longview Alley
606,Ervin McCarry,emccarrygt@51.la,6196144642,1993-08-17,37 Butterfield Terrace
607,Jo-anne Trillo,jtrillogu@jiathis.com,3421175247,1990-10-29,8059 Summerview Center
608,Patrica Ticehurst,pticehurstgv@ibm.com,2689903955,1994-12-31,7 Sunbrook Junction
609,Junie Kidd,jkiddgw@blogspot.com,4766381566,1993-08-20,92115 Northfield Center
610,Halley Tregona,htregonagx@youtube.com,4245853688,1981-02-04,3 Summit Lane
611,Starla Parlett,sparlettgy@slideshare.net,2969677274,1997-09-07,5694 Anzinger Lane
612,Abraham Wilcox,awilcoxgz@ox.ac.uk,2335404713,1984-02-07,1 Bartillon Place
613,Herman Coneybeer,hconeybeerh0@blogtalkradio.com,8659274313,1988-10-11,30646 Bonner Parkway
614,Lettie Dufour,ldufourh1@gmpg.org,7536209672,1992-08-08,8 Tennyson Parkway
615,Nanice Kringe,nkringeh2@flavors.me,7616640387,1987-11-29,672 Scott Drive
616,Alejandra Cartin,acartinh3@princeton.edu,1188355896,1992-09-18,8305 Lukken Drive
617,Sherilyn Currer,scurrerh4@github.com,2052142737,1992-09-01,27846 Kim Parkway
618,Jimmie Ingleson,jinglesonh5@ted.com,4498348052,1990-02-13,59996 Park Meadow Drive
619,Masha Woolgar,mwoolgarh6@slideshare.net,8999661170,1986-06-08,39 Shopko Hill
620,Elisha Dedney,ededneyh7@whitehouse.gov,2008191282,1992-12-06,0619 Dryden Lane
621,Dido Trigg,dtriggh8@vimeo.com,3315585206,1998-11-10,9 Graedel Center
622,Teressa MacDonogh,tmacdonoghh9@ibm.com,1571700894,1994-01-24,5 Upham Parkway
623,Nickolai Kunc,nkuncha@geocities.jp,8223584855,1993-12-25,7581 Toban Road
624,Alan Nutley,anutleyhb@amazonaws.com,5265040151,1988-03-23,58 Anthes Crossing
625,Justina Foggarty,jfoggartyhc@oakley.com,2898526884,1990-07-01,89221 Arizona Alley
626,Darcey Nickless,dnicklesshd@umich.edu,7297145190,1986-05-30,74 Monument Avenue
627,Ly McLeod,lmcleodhe@webmd.com,9714393799,1983-06-16,386 Thackeray Center
628,Mariska Dain,mdainhf@ft.com,6829209766,1996-05-04,38 Autumn Leaf Drive
629,Philippine Camplen,pcamplenhg@bloglines.com,6225316680,1987-01-13,12839 Longview Junction
630,Bobbette Brimmacombe,bbrimmacombehh@angelfire.com,4584560024,1986-02-22,6283 Farwell Park
631,Shayna Gladman,sgladmanhi@surveymonkey.com,1186680916,1997-01-11,9 Russell Plaza
632,Gibb Meriott,gmeriotthj@nasa.gov,7318818470,1981-06-19,830 Nelson Lane
633,Kellen Willoughway,kwilloughwayhk@w3.org,5034397208,1982-12-29,034 Northwestern Terrace
634,Rasla Vigar,rvigarhl@usda.gov,7676800456,1981-05-18,7 Lake View Lane
635,Jerrilee Clement,jclementhm@squidoo.com,2886147249,1996-02-04,615 Eliot Crossing
636,Teador Hartell,thartellhn@hostgator.com,8486852624,1997-10-13,0623 La Follette Court
637,Ynez Avis,yavisho@goo.ne.jp,6975319842,1995-02-10,0 Rutledge Terrace
638,Sal Allder,sallderhp@skyrock.com,9198520992,1990-02-07,884 Forest Point
639,Angil Baverstock,abaverstockhq@squarespace.com,7426510806,1990-02-22,705 Westerfield Drive
640,Lonna Vairow,lvairowhr@intel.com,9438116049,1991-06-20,059 Homewood Way
641,Tailor Ternault,tternaulths@drupal.org,4093968654,1986-07-26,46 Kropf Terrace
642,Jessie Lafee,jlafeeht@upenn.edu,7634811389,1988-06-24,8 Sunbrook Plaza
643,Kendell Blaszczynski,,8331613753,1987-07-13,10 Steensland Hill
644,Ari Kruszelnicki,akruszelnickihv@theglobeandmail.com,9458497726,1984-06-25,086 Cascade Hill
645,Cosme Walaron,cwalaronhw@devhub.com,7114699596,1990-07-02,445 Susan Place
646,Carmela Snoxell,csnoxellhx@sciencedirect.com,6758618886,1993-08-03,45 Loeprich Plaza
647,Deedee Caukill,dcaukillhy@ca.gov,9897365915,1981-07-15,1 Eagle Crest Hill
648,Ingeborg Baison,ibaisonhz@nbcnews.com,6159652887,1994-07-06,31 Magdeline Terrace
649,Timmie Mudie,tmudiei0@ed.gov,1712439252,1990-01-25,71 Mockingbird Drive
650,Bartie Moline,bmolinei1@microsoft.com,8563676281,1995-09-03,11451 Monica Trail
651,Birgitta Kilfether,bkilfetheri2@google.fr,5294447436,1999-11-09,0 Eliot Court
652,Linea Pateman,lpatemani3@sohu.com,8715375523,1991-09-21,20501 Summit Street
653,Revkah Burberry,rburberryi4@kickstarter.com,5676041292,1980-06-11,21959 Montana Street
654,Morna Becaris,mbecarisi5@amazon.co.uk,4628352948,1984-03-19,2202 Warrior Trail
655,Alissa Duckels,aduckelsi6@slideshare.net,1428207065,1997-04-08,02 School Park
656,Faulkner Wilding,fwildingi7@canalblog.com,9363807377,1990-10-08,87 Dapin Circle
657,Tommie Morales,tmoralesi8@webmd.com,5333238904,1996-03-06,857 Loomis Avenue
658,Corinna Cleveley,ccleveleyi9@elegantthemes.com,9016826714,1986-05-11,8223 Loomis Road
659,Trey Boulton,tboultonia@amazon.com,1248811890,1983-02-26,0140 Mandrake Trail
660,Rorie Brittoner,rbrittonerib@amazon.co.uk,9887424674,1981-02-17,12095 Washington Pass
661,Caryl Lyfe,clyfeic@ehow.com,1686727490,1995-07-18,0 Grayhawk Way
662,Winona Losel,wloselid@mayoclinic.com,4402538321,1980-02-12,94 Beilfuss Street
663,Katharine Eykelbosch,keykelboschie@state.gov,3544449886,1984-01-26,2 Portage Plaza
664,Vincenz Kenwright,vkenwrightif@parallels.com,1005528809,1993-05-30,167 Melody Avenue
665,Brendin Gligorijevic,bgligorijevicig@sourceforge.net,8621922478,1994-05-24,7 Trailsway Place
666,Hewett Yerby,hyerbyih@gnu.org,7594964254,1985-09-24,82795 Farragut Drive
667,Hermie Peris,hperisii@blinklist.com,6822900760,1994-07-02,55123 Village Green Lane
668,Elizabet Stangoe,estangoeij@clickbank.net,1829382578,1988-06-26,04 Hanson Street
669,Francyne Seeborne,fseeborneik@icio.us,4733852941,1989-08-09,10 Bunker Hill Place
670,Mandi Aucoate,maucoateil@wikispaces.com,1673974770,1995-05-27,27 Sundown Hill
671,Dinnie Mattecot,dmattecotim@drupal.org,3565920685,1992-09-29,185 Sachtjen Center
672,Idell Titt,itittin@guardian.co.uk,2305394644,1986-04-08,54249 Fallview Trail
673,Modesta Daughtry,mdaughtryio@phpbb.com,2274606307,1985-11-20,5534 Logan Road
674,Rich Weavers,rweaversip@nsw.gov.au,4118629131,1983-07-20,6989 Farragut Crossing
675,Harbert Rymer,hrymeriq@patch.com,8224174943,1991-09-05,680 Clarendon Trail
676,Patrica Wreak,pwreakir@bigcartel.com,7884955144,1994-03-18,4 Lake View Crossing
677,Pearl Pulsford,ppulsfordis@jimdo.com,2497159882,1983-02-15,790 New Castle Alley
678,Murial Tribbeck,mtribbeckit@tripod.com,3411054236,1980-03-17,9 Granby Parkway
679,Stefa Ropars,sroparsiu@seattletimes.com,7856689482,1994-05-24,5 Superior Hill
680,Bel McCane,bmccaneiv@networksolutions.com,4483289725,1999-08-31,3 Coolidge Road
681,Fae Marney,fmarneyiw@answers.com,3335417023,1995-05-28,7 Almo Court
682,Marisa Matyukon,mmatyukonix@ovh.net,5771895178,1984-01-28,42514 Spaight Crossing
683,Tait Rhoddie,trhoddieiy@exblog.jp,2795731899,1984-09-12,6799 Truax Court
684,Joscelin Nattrass,jnattrassiz@themeforest.net,7202214907,1998-04-16,39 Mockingbird Trail
685,Birk Benardeau,bbenardeauj0@g.co,4031975798,1999-02-24,2918 Meadow Ridge Trail
686,Boot Emnoney,bemnoneyj1@so-net.ne.jp,1833298520,1981-09-30,8 Loeprich Junction
687,Willard Ecclestone,wecclestonej2@github.com,5163236773,1981-09-29,5632 Almo Lane
688,Juanita Priddle,jpriddlej3@edublogs.org,3195827974,1983-12-08,4616 Burning Wood Circle
689,Arri Lashmar,alashmarj4@fema.gov,6064527463,1987-07-24,905 Lyons Plaza
690,Padraig Bridgewood,pbridgewoodj5@jugem.jp,4285734731,1980-01-17,56 Westridge Terrace
691,Thorpe Antonacci,tantonaccij6@clickbank.net,1815106631,1987-04-24,8539 Caliangt Hill
692,Tansy Weblin,tweblinj7@imageshack.us,5299297225,1995-08-12,7017 Twin Pines Lane
693,Hermione Murthwaite,hmurthwaitej8@cloudflare.com,4507494982,1987-03-10,1 Birchwood Place
694,Vin Fowells,,4646273396,1986-09-14,7538 Buell Way
695,Michelina MacNucator,mmacnucatorja@google.com.hk,5178915108,1985-09-07,1 Alpine Court
696,Philis Steffan,psteffanjb@wufoo.com,2623762195,1982-10-04,7655 Cambridge Center
697,Ethelin Stollenhof,estollenhofjc@canalblog.com,9687431871,1991-04-10,40 Merry Drive
698,Else Klimas,eklimasjd@taobao.com,4779394889,1989-02-03,16 Crest Line Road
699,Udell Mc Ilwrick,umcje@umich.edu,4645617661,1989-03-08,9 Farmco Street
700,Charmine Maundrell,cmaundrelljf@vistaprint.com,9966040181,1995-09-13,429 Merry Plaza
701,Brandais Okey,bokeyjg@arstechnica.com,6345436042,1991-02-20,33 Hanover Circle
702,Benoit Deavall,bdeavalljh@aboutads.info,3154057948,1991-02-12,7 Ryan Drive
703,Krishna Struis,kstruisji@infoseek.co.jp,5392254522,1981-09-25,0842 Hudson Pass
704,Reynold Romme,rrommejj@mashable.com,2098709706,1994-07-01,998 Clarendon Circle
705,Burton Phizaclea,bphizacleajk@redcross.org,1887415586,1985-06-23,437 Mccormick Park
706,Keefer O'Roan,koroanjl@patch.com,6081769058,1984-02-04,0 Everett Drive
707,Kettie Oldfield-Cherry,koldfieldcherryjm@sfgate.com,1937827895,1991-01-02,5 Nancy Avenue
708,Sheba Pithcock,spithcockjn@rediff.com,6039606938,1995-06-26,707 Sommers Lane
709,Wylie Sanbroke,wsanbrokejo@huffingtonpost.com,8947086093,1989-07-27,334 Stoughton Junction
710,Ernest Miskelly,emiskellyjp@icq.com,4317067334,1982-12-15,307 Daystar Lane
711,Adriena Farnell,afarnelljq@rediff.com,3729808178,1994-08-05,51930 Carberry Road
712,Eduardo Dmitrievski,edmitrievskijr@geocities.com,3666798374,1989-12-05,8 Vermont Hill
713,Millard Kenefick,mkenefickjs@bigcartel.com,7629381480,1999-06-21,07629 Dorton Center
714,Brent Errigo,berrigojt@nyu.edu,1555879000,1995-06-18,47 Dorton Drive
715,Robin Braune,rbrauneju@va.gov,6484138983,1993-06-10,084 Magdeline Avenue
716,Kacy Dmisek,kdmisekjv@smh.com.au,9211666908,1985-01-12,3995 Fremont Pass
717,Katharina Standley,kstandleyjw@jiathis.com,8486938558,1997-06-14,57 Redwing Circle
718,Nina Walisiak,nwalisiakjx@irs.gov,8731765826,1992-04-18,5254 Debs Park
719,Nester Arniz,narnizjy@mtv.com,7419619897,1983-02-26,8 Canary Court
720,Alika Jays,ajaysjz@vistaprint.com,8145441374,1989-10-05,897 Ludington Road
721,Jordain Ducket,jducketk0@de.vu,1507283799,1993-10-28,3 Loftsgordon Center
722,Brandyn Mussalli,bmussallik1@yahoo.com,9386272683,1993-11-01,6657 Little Fleur Court
723,Davine Stern,dsternk2@booking.com,3042998406,1989-04-14,5 Lukken Alley
724,Tasia Stockhill,tstockhillk3@squarespace.com,2209234214,1996-03-19,6618 Nobel Point
725,Yorker Grimsdell,ygrimsdellk4@cdc.gov,2253879779,1997-07-02,7484 Prentice Park
726,Bernetta Jakubowsky,bjakubowskyk5@alibaba.com,1298083729,1985-12-19,04109 Washington Point
727,Jefferson Forrington,jforringtonk6@reuters.com,1257981967,1993-10-26,758 Russell Point
728,Clarie Gouldstone,cgouldstonek7@stanford.edu,6182488026,1986-01-08,45747 Stone Corner Plaza
729,Clemens Calafato,ccalafatok8@nature.com,7417962930,1988-02-18,0007 High Crossing Pass
730,Jereme Edgeon,jedgeonk9@ocn.ne.jp,4804559737,1984-07-13,17069 Atwood Crossing
731,Carline Bottelstone,cbottelstoneka@europa.eu,8219052184,1995-09-23,18530 Packers Plaza
732,Rinaldo Middle,rmiddlekb@lycos.com,5464213356,1980-09-04,6 Scott Lane
733,Jody Durrington,jdurringtonkc@tamu.edu,1372703217,1984-09-25,3518 Wayridge Way
734,Alysia Oades,aoadeskd@naver.com,2631648541,1987-06-27,51 Grim Hill
735,Berni Pimblott,bpimblottke@go.com,5037275930,1991-12-21,9 Ryan Crossing
736,Melli Sidnell,msidnellkf@typepad.com,4566061246,1996-03-26,486 Carberry Drive
737,Kellby Gladbach,kgladbachkg@rediff.com,3738647898,1999-12-27,5375 Doe Crossing Park
738,Aaren Butterfint,abutterfintkh@barnesandnoble.com,4277275832,1997-01-18,92 Anderson Plaza
739,Erik Kirley,ekirleyki@who.int,2819867507,1994-04-27,6183 Monterey Park
740,Hi Chitham,hchithamkj@mtv.com,7526130587,1994-10-24,1 Sherman Avenue
741,Kathryne Lethcoe,klethcoekk@buzzfeed.com,5646165236,1981-11-23,9 Erie Hill
742,Drusilla Jerwood,djerwoodkl@yale.edu,7363836899,1982-10-05,55952 Beilfuss Place
743,Dorotea Trassler,dtrasslerkm@toplist.cz,8734587093,1991-02-25,28206 Dapin Plaza
744,Dare Bamfield,dbamfieldkn@about.me,9788574979,1993-09-30,99 Sunnyside Point
745,Vasily Spary,vsparyko@friendfeed.com,6999575513,1993-07-31,389 Karstens Court
746,Corbie Akrigg,,4181861405,1992-07-04,7871 Monica Plaza
747,Tallulah Tale,ttalekq@msn.com,9188726820,1988-06-04,389 Cordelia Terrace
748,Ariela Rosenblad,arosenbladkr@barnesandnoble.com,3995014282,1993-07-07,029 Hooker Hill
749,Tandy Carren,tcarrenks@wunderground.com,4503230693,1994-06-16,461 Esch Court
750,Carlynn Ebourne,cebournekt@wsj.com,7725820558,1994-09-27,18 Bartelt Road
751,Moll Naughton,mnaughtonku@wikimedia.org,9751608100,1982-06-25,51009 Maywood Parkway
752,Cortie Brickdale,cbrickdalekv@cam.ac.uk,3986237152,1982-05-07,28 Nova Crossing
753,Bria Beazleigh,bbeazleighkw@hibu.com,3672962158,1990-12-12,45298 Lakeland Alley
754,Marve Couve,mcouvekx@yolasite.com,3361949577,1995-12-26,93 Longview Parkway
755,Skylar Spitell,sspitellky@blogger.com,6129578049,1998-07-30,17468 Arkansas Junction
756,Josefa Pauli,jpaulikz@scientificamerican.com,8847403562,1990-12-31,6 Summer Ridge Lane
757,Jamill Sewart,jsewartl0@nationalgeographic.com,8684399649,1987-10-20,1681 Farwell Park
758,Rickie Duckett,rduckettl1@instagram.com,8003837073,1995-03-24,90486 Tony Hill
759,Blake Vittery,bvitteryl2@freewebs.com,2289949302,1980-07-01,00 Dakota Hill
760,Merissa Fenby,mfenbyl3@drupal.org,4552347248,1997-08-10,60640 Village Green Way
761,Pepi Blaxland,pblaxlandl4@ucla.edu,3739064041,1998-08-18,378 Village Trail
762,Christan Hakewell,chakewelll5@ucoz.ru,1905269985,1993-09-07,25 Carey Park
763,Mallorie Dunster,mdunsterl6@alibaba.com,4064808889,1990-07-15,92444 Lighthouse Bay Parkway
764,Jacquelynn Claypoole,jclaypoolel7@illinois.edu,2032914251,1989-09-05,40 Nancy Pass
765,Felice Balleine,fballeinel8@godaddy.com,5981541787,1980-04-23,67689 Morrow Drive
766,Joanie Twoohy,jtwoohyl9@example.com,3778289607,1987-11-22,30737 Warrior Road
767,Karlotte Delacour,kdelacourla@odnoklassniki.ru,6316489601,1992-02-03,50 Garrison Lane
768,Alene Figgess,afiggesslb@berkeley.edu,2109360614,1988-06-15,3 Daystar Point
769,Hagen Moxson,hmoxsonlc@google.fr,4714322357,1986-11-18,215 Sachtjen Way
770,Aland Prior,apriorld@apache.org,5113166659,1986-04-19,62340 Carpenter Road
771,Andonis Wycherley,awycherleyle@google.es,6203323161,1983-03-16,44532 Southridge Road
772,Eyde Busst,ebusstlf@smugmug.com,9047887322,1983-11-09,06 Sheridan Drive
773,Gorden Sandham,gsandhamlg@oaic.gov.au,5048127184,1996-09-21,124 Delladonna Way
774,Guillemette Durno,gdurnolh@domainmarket.com,8821192495,1980-10-02,24183 Rigney Hill
775,Esme Behling,ebehlingli@skyrock.com,2024368805,1980-05-29,0 Northview Lane
776,Barret Piotrkowski,bpiotrkowskilj@diigo.com,6527930589,1985-06-05,6232 Express Parkway
777,Isabel Kittel,ikittellk@gravatar.com,9684692883,1995-12-09,68111 Tony Park
778,Belicia Vanelli,bvanellill@unblog.fr,5162486833,1990-01-08,464 West Park
779,Cly Loker,,4422567533,1988-11-16,3583 Service Junction
780,Page Clayhill,pclayhillln@baidu.com,4238070746,1995-02-25,51270 Crowley Avenue
781,Morton Loftus,mloftuslo@dailymail.co.uk,4688685543,1998-07-19,14 Hoard Way
782,Gav Milborn,gmilbornlp@bing.com,2615662963,1986-02-13,4 Vernon Place
783,Amerigo Fulleylove,afulleylovelq@dot.gov,4917339264,1999-08-09,13 Crowley Plaza
784,Pearla Ewestace,pewestacelr@prlog.org,4187946388,1989-05-07,78061 Vahlen Center
785,Adaline Rodgers,arodgersls@thetimes.co.uk,2243503276,1989-03-05,9871 Jackson Park
786,Edi Hodjetts,ehodjettslt@japanpost.jp,2403631783,1986-03-12,26747 Pawling Crossing
787,Zsa zsa Rate,zzsalu@geocities.com,6832472887,1988-02-25,21 Dorton Plaza
788,Cam Ailsbury,cailsburylv@ft.com,4129033080,1991-02-25,0 Oneill Circle
789,Felicio Baike,fbaikelw@jalbum.net,8009191406,1997-04-02,21 Karstens Road
790,Franky Burkert,fburkertlx@rediff.com,4783193967,1982-09-26,7673 Ridge Oak Center
791,Urban Rozycki,urozyckily@free.fr,9027072720,1987-02-17,38 Kipling Crossing
792,Ogdan Skidmore,oskidmorelz@scientificamerican.com,8169345775,1988-05-17,78075 Clove Avenue
793,Debor Higgen,dhiggenm0@independent.co.uk,8654389004,1998-04-10,22793 Westridge Point
794,Rubetta Gremane,rgremanem1@aboutads.info,7827879477,1985-12-31,17560 American Way
795,Germaine Hedden,gheddenm2@dailymail.co.uk,9009736311,1993-10-02,8 Norway Maple Way
796,Birgitta Girault,bgiraultm3@constantcontact.com,9188866213,1987-08-01,3 Arkansas Point
797,Halsey Aldous,,5393966458,1981-10-15,34376 Vernon Crossing
798,Aubree Coat,acoatm5@msn.com,9378298056,1984-10-17,07 Longview Place
799,Korry Sunners,ksunnersm6@irs.gov,9923030943,1986-05-05,51716 Kensington Circle
800,Davide Somerset,dsomersetm7@bloglovin.com,1022223616,1995-04-04,4 Stoughton Point
801,Allix Ranvoise,aranvoisem8@pcworld.com,9899639073,1983-05-11,708 Mcguire Trail
802,Risa Clarabut,rclarabutm9@hao123.com,7407276974,1988-05-05,482 Trailsway Parkway
803,Jud Henstridge,jhenstridgema@slashdot.org,8514232228,1989-06-20,884 Reindahl Junction
804,Megan Bingley,mbingleymb@51.la,6231191551,1990-06-27,8 Trailsway Plaza
805,Fanya Bernucci,fbernuccimc@biglobe.ne.jp,7673658254,1983-05-12,4463 Comanche Crossing
806,Dov Chitson,dchitsonmd@hibu.com,8786786784,1980-10-13,04101 Jackson Park
807,Rivalee Lawful,rlawfulme@fastcompany.com,9237309850,1984-11-16,9 Carey Junction
808,Agneta Runchman,arunchmanmf@addthis.com,1007983531,1999-07-02,637 Mockingbird Road
809,Eyde McKirdy,emckirdymg@tumblr.com,5661549381,1985-07-21,239 Farwell Center
810,Lettie Lindmark,llindmarkmh@mac.com,8478730425,1997-09-04,7407 Vera Hill
811,Cathrin Hirtz,chirtzmi@rakuten.co.jp,9614921147,1999-08-03,47 Utah Court
812,Diann Gladtbach,dgladtbachmj@theatlantic.com,1508352217,1981-11-07,24 Esch Lane
813,Siffre Minear,sminearmk@homestead.com,2887956779,1997-12-08,29 Jackson Crossing
814,Ruthann Sebrook,rsebrookml@dion.ne.jp,4495653405,1994-12-22,601 Sunnyside Plaza
815,Celisse Mundford,cmundfordmm@wunderground.com,6663210656,1990-10-01,5 Tennyson Lane
816,Frazier Bonifazio,fbonifaziomn@sina.com.cn,6669052127,1993-07-21,85851 La Follette Hill
817,Petrina Walczak,pwalczakmo@about.me,5441009805,1996-08-27,01 Hauk Alley
818,Gertrudis Nunns,gnunnsmp@dion.ne.jp,6978045628,1988-11-04,888 Kennedy Center
819,Rhett Irdale,rirdalemq@sfgate.com,2403544991,1999-07-24,3 Logan Place
820,Moyra Lownes,mlownesmr@tripadvisor.com,3311717524,1990-05-17,4766 Division Hill
821,Shaun Mashro,smashroms@theguardian.com,9963458753,1984-01-05,57 Trailsway Road
822,Bridie Jirka,bjirkamt@pen.io,3934999778,1989-09-16,598 Vahlen Plaza
823,Tabbie Chasles,tchaslesmu@hud.gov,2263756487,1993-12-13,8546 Prentice Parkway
824,Torre Lovell,tlovellmv@economist.com,7514734031,1995-12-11,90179 Larry Trail
825,Rudiger Tansley,rtansleymw@toplist.cz,4893239864,1994-01-30,27256 Washington Pass
826,Adella Dorrington,adorringtonmx@answers.com,9679528385,1986-03-19,848 Wayridge Place
827,Dorice MacSherry,dmacsherrymy@examiner.com,4094545080,1999-09-09,42 Ridge Oak Terrace
828,Samaria Gritskov,sgritskovmz@dyndns.org,7663038464,1984-02-16,4 Meadow Ridge Court
829,Jacquenette Bayles,jbaylesn0@nymag.com,2771990388,1992-04-14,18 Doe Crossing Terrace
830,Dionis Yoakley,dyoakleyn1@google.com.br,3898676014,1984-04-06,7 Troy Lane
831,Keelia Ovendon,kovendonn2@sohu.com,7855436508,1992-10-13,1 Eastlawn Point
832,Bella Kiraly,bkiralyn3@nba.com,3056011466,1998-04-12,64545 Corry Road
